<?xml version="1.0" encoding="UTF-8"?>
<GenRun Id="impl_1" LaunchPart="xc7a100tcsg324-1" LaunchTime="1638139660">
  <File Type="BITSTR-BMM" Name="rcas_circuit_bd.bmm"/>
  <File Type="OPT-METHODOLOGY-DRC" Name="rcas_circuit_methodology_drc_opted.rpt"/>
  <File Type="INIT-TIMING" Name="rcas_circuit_timing_summary_init.rpt"/>
  <File Type="ROUTE-PWR" Name="rcas_circuit_power_routed.rpt"/>
  <File Type="PA-TCL" Name="rcas_circuit.tcl"/>
  <File Type="OPT-TIMING" Name="rcas_circuit_timing_summary_opted.rpt"/>
  <File Type="OPT-DCP" Name="rcas_circuit_opt.dcp"/>
  <File Type="ROUTE-PWR-SUM" Name="rcas_circuit_power_summary_routed.pb"/>
  <File Type="REPORTS-TCL" Name="rcas_circuit_reports.tcl"/>
  <File Type="OPT-DRC" Name="rcas_circuit_drc_opted.rpt"/>
  <File Type="OPT-HWDEF" Name="rcas_circuit.hwdef"/>
  <File Type="PWROPT-DCP" Name="rcas_circuit_pwropt.dcp"/>
  <File Type="PWROPT-DRC" Name="rcas_circuit_drc_pwropted.rpt"/>
  <File Type="PWROPT-TIMING" Name="rcas_circuit_timing_summary_pwropted.rpt"/>
  <File Type="PLACE-DCP" Name="rcas_circuit_placed.dcp"/>
  <File Type="PLACE-IO" Name="rcas_circuit_io_placed.rpt"/>
  <File Type="PLACE-CLK" Name="rcas_circuit_clock_utilization_placed.rpt"/>
  <File Type="PLACE-UTIL" Name="rcas_circuit_utilization_placed.rpt"/>
  <File Type="PLACE-UTIL-PB" Name="rcas_circuit_utilization_placed.pb"/>
  <File Type="PLACE-CTRL" Name="rcas_circuit_control_sets_placed.rpt"/>
  <File Type="PLACE-SIMILARITY" Name="rcas_circuit_incremental_reuse_placed.rpt"/>
  <File Type="PLACE-PRE-SIMILARITY" Name="rcas_circuit_incremental_reuse_pre_placed.rpt"/>
  <File Type="BG-BGN" Name="rcas_circuit.bgn"/>
  <File Type="PLACE-TIMING" Name="rcas_circuit_timing_summary_placed.rpt"/>
  <File Type="POSTPLACE-PWROPT-DCP" Name="rcas_circuit_postplace_pwropt.dcp"/>
  <File Type="BG-BIN" Name="rcas_circuit.bin"/>
  <File Type="POSTPLACE-PWROPT-TIMING" Name="rcas_circuit_timing_summary_postplace_pwropted.rpt"/>
  <File Type="PHYSOPT-DCP" Name="rcas_circuit_physopt.dcp"/>
  <File Type="PHYSOPT-DRC" Name="rcas_circuit_drc_physopted.rpt"/>
  <File Type="BITSTR-MSK" Name="rcas_circuit.msk"/>
  <File Type="PHYSOPT-TIMING" Name="rcas_circuit_timing_summary_physopted.rpt"/>
  <File Type="ROUTE-ERROR-DCP" Name="rcas_circuit_routed_error.dcp"/>
  <File Type="ROUTE-DCP" Name="rcas_circuit_routed.dcp"/>
  <File Type="ROUTE-BLACKBOX-DCP" Name="rcas_circuit_routed_bb.dcp"/>
  <File Type="ROUTE-DRC" Name="rcas_circuit_drc_routed.rpt"/>
  <File Type="ROUTE-DRC-PB" Name="rcas_circuit_drc_routed.pb"/>
  <File Type="BITSTR-LTX" Name="debug_nets.ltx"/>
  <File Type="BITSTR-LTX" Name="rcas_circuit.ltx"/>
  <File Type="ROUTE-DRC-RPX" Name="rcas_circuit_drc_routed.rpx"/>
  <File Type="BITSTR-MMI" Name="rcas_circuit.mmi"/>
  <File Type="ROUTE-METHODOLOGY-DRC" Name="rcas_circuit_methodology_drc_routed.rpt"/>
  <File Type="ROUTE-METHODOLOGY-DRC-RPX" Name="rcas_circuit_methodology_drc_routed.rpx"/>
  <File Type="BITSTR-SYSDEF" Name="rcas_circuit.sysdef"/>
  <File Type="ROUTE-METHODOLOGY-DRC-PB" Name="rcas_circuit_methodology_drc_routed.pb"/>
  <File Type="ROUTE-PWR-RPX" Name="rcas_circuit_power_routed.rpx"/>
  <File Type="ROUTE-STATUS" Name="rcas_circuit_route_status.rpt"/>
  <File Type="ROUTE-STATUS-PB" Name="rcas_circuit_route_status.pb"/>
  <File Type="ROUTE-TIMINGSUMMARY" Name="rcas_circuit_timing_summary_routed.rpt"/>
  <File Type="ROUTE-TIMING-PB" Name="rcas_circuit_timing_summary_routed.pb"/>
  <File Type="ROUTE-TIMING-RPX" Name="rcas_circuit_timing_summary_routed.rpx"/>
  <File Type="ROUTE-SIMILARITY" Name="rcas_circuit_incremental_reuse_routed.rpt"/>
  <File Type="ROUTE-CLK" Name="rcas_circuit_clock_utilization_routed.rpt"/>
  <File Type="ROUTE-BUS-SKEW" Name="rcas_circuit_bus_skew_routed.rpt"/>
  <File Type="ROUTE-BUS-SKEW-PB" Name="rcas_circuit_bus_skew_routed.pb"/>
  <File Type="ROUTE-BUS-SKEW-RPX" Name="rcas_circuit_bus_skew_routed.rpx"/>
  <File Type="POSTROUTE-PHYSOPT-DCP" Name="rcas_circuit_postroute_physopt.dcp"/>
  <File Type="POSTROUTE-PHYSOPT-BLACKBOX-DCP" Name="rcas_circuit_postroute_physopt_bb.dcp"/>
  <File Type="POSTROUTE-PHYSOPT-TIMING" Name="rcas_circuit_timing_summary_postroute_physopted.rpt"/>
  <File Type="POSTROUTE-PHYSOPT-TIMING-PB" Name="rcas_circuit_timing_summary_postroute_physopted.pb"/>
  <File Type="POSTROUTE-PHYSOPT-TIMING-RPX" Name="rcas_circuit_timing_summary_postroute_physopted.rpx"/>
  <File Type="POSTROUTE-PHYSOPT-BUS-SKEW" Name="rcas_circuit_bus_skew_postroute_physopted.rpt"/>
  <File Type="POSTROUTE-PHYSOPT-BUS-SKEW-PB" Name="rcas_circuit_bus_skew_postroute_physopted.pb"/>
  <File Type="BG-BIT" Name="rcas_circuit.bit"/>
  <File Type="POSTROUTE-PHYSOPT-BUS-SKEW-RPX" Name="rcas_circuit_bus_skew_postroute_physopted.rpx"/>
  <File Type="BITSTR-RBT" Name="rcas_circuit.rbt"/>
  <File Type="BITSTR-NKY" Name="rcas_circuit.nky"/>
  <File Type="BG-DRC" Name="rcas_circuit.drc"/>
  <File Type="RDI-RDI" Name="rcas_circuit.vdi"/>
  <File Type="WBT-USG" Name="usage_statistics_webtalk.html"/>
  <FileSet Name="sources" Type="DesignSrcs" RelSrcDir="$PSRCDIR/sources_1">
    <Filter Type="Srcs"/>
    <File Path="$PSRCDIR/sources_1/new/rcas_circuit.v">
      <FileInfo>
        <Attr Name="UsedIn" Val="synthesis"/>
        <Attr Name="UsedIn" Val="implementation"/>
        <Attr Name="UsedIn" Val="simulation"/>
      </FileInfo>
    </File>
    <Config>
      <Option Name="DesignMode" Val="RTL"/>
      <Option Name="TopModule" Val="rcas_circuit"/>
      <Option Name="TopAutoSet" Val="TRUE"/>
    </Config>
  </FileSet>
  <FileSet Name="constrs_in" Type="Constrs" RelSrcDir="$PSRCDIR/constrs_1">
    <Filter Type="Constrs"/>
    <File Path="$PSRCDIR/constrs_1/new/cons.xdc">
      <FileInfo>
        <Attr Name="UsedIn" Val="synthesis"/>
        <Attr Name="UsedIn" Val="implementation"/>
      </FileInfo>
    </File>
    <Config>
      <Option Name="ConstrsType" Val="XDC"/>
    </Config>
  </FileSet>
  <Strategy Version="1" Minor="2">
    <StratHandle Name="Vivado Implementation Defaults" Flow="Vivado Implementation 2018">
      <Desc>Default settings for Implementation.</Desc>
    </StratHandle>
    <Step Id="init_design"/>
    <Step Id="opt_design"/>
    <Step Id="power_opt_design"/>
    <Step Id="place_design"/>
    <Step Id="post_place_power_opt_design"/>
    <Step Id="phys_opt_design"/>
    <Step Id="route_design"/>
    <Step Id="post_route_phys_opt_design"/>
    <Step Id="write_bitstream"/>
  </Strategy>
</GenRun>
